"Date","Distro","Count"
2014-12-01,"Linux Arch",981000
2014-12-01,"Linux CentOS",932000
2014-12-01,"Linux Debian",3.9e+07
2014-12-01,"Linux Epiphany",702000
2014-12-01,"Linux Fedora",6.5e+07
2014-12-01,"Linux Gentoo",2.1e+07
2014-12-01,"Linux Kubuntu",210000
2014-12-01,"Linux Mandriva",3.3e+07
2014-12-01,"Linux Mint",6.7e+07
2014-12-01,"Linux Mips",3.2e+07
2014-12-01,"Linux Motor",30000
2014-12-01,"Linux openSUSE",30000
2014-12-01,"Linux Oracle",30000
2014-12-01,"Linux PCLinuxOS",99000
2014-12-01,"Linux Red Hat",4.9e+07
2014-12-01,"Linux Slackware",43000
2014-12-01,"Linux SUSE",7.9e+07
2014-12-01,"Linux Ubuntu",8.9e+08
2014-12-01,"Linux Xubuntu",30000
2014-11-01,"Linux Arch",538000
2014-11-01,"Linux CentOS",1.1e+07
2014-11-01,"Linux Debian",9.6e+07
2014-11-01,"Linux Epiphany",1.2e+07
2014-11-01,"Linux Fedora",1.01e+08
2014-11-01,"Linux Gentoo",1.5e+07
2014-11-01,"Linux Kubuntu",680000
2014-11-01,"Linux Mandriva",4.8e+07
2014-11-01,"Linux Mint",8.3e+07
2014-11-01,"Linux Mips",3e+06
2014-11-01,"Linux Motor",30000
2014-11-01,"Linux openSUSE",30000
2014-11-01,"Linux Oracle",30000
2014-11-01,"Linux PCLinuxOS",64000
2014-11-01,"Linux Red Hat",2.4e+07
2014-11-01,"Linux Slackware",80000
2014-11-01,"Linux SUSE",5.7e+07
2014-11-01,"Linux Ubuntu",1.116e+09
2014-11-01,"Linux Xubuntu",30000
2014-10-01,"Linux Arch",5e+05
2014-10-01,"Linux CentOS",1.1e+07
2014-10-01,"Linux Debian",6.2e+07
2014-10-01,"Linux Epiphany",1.5e+07
2014-10-01,"Linux Fedora",1.53e+08
2014-10-01,"Linux Gentoo",1.2e+07
2014-10-01,"Linux Kubuntu",670000
2014-10-01,"Linux Mandriva",4.5e+07
2014-10-01,"Linux Mint",8.1e+07
2014-10-01,"Linux Mips",2.3e+07
2014-10-01,"Linux Motor",30000
2014-10-01,"Linux openSUSE",30000
2014-10-01,"Linux Oracle",80000
2014-10-01,"Linux PCLinuxOS",111000
2014-10-01,"Linux Red Hat",7.8e+07
2014-10-01,"Linux Slackware",32000
2014-10-01,"Linux SUSE",1.31e+08
2014-10-01,"Linux Ubuntu",1.091e+09
2014-10-01,"Linux Xubuntu",30000
2014-09-01,"Linux Arch",439000
2014-09-01,"Linux CentOS",1.8e+07
2014-09-01,"Linux Debian",5e+06
2014-09-01,"Linux Epiphany",1.1e+07
2014-09-01,"Linux Fedora",2.96e+08
2014-09-01,"Linux Gentoo",786000
2014-09-01,"Linux Kubuntu",810000
2014-09-01,"Linux Mandriva",3.7e+07
2014-09-01,"Linux Mint",8.5e+07
2014-09-01,"Linux Mips",2.2e+07
2014-09-01,"Linux Motor",34000
2014-09-01,"Linux openSUSE",30000
2014-09-01,"Linux Oracle",30000
2014-09-01,"Linux PCLinuxOS",48000
2014-09-01,"Linux Red Hat",3e+06
2014-09-01,"Linux Slackware",62000
2014-09-01,"Linux SUSE",4.4e+07
2014-09-01,"Linux Ubuntu",1.044e+09
2014-09-01,"Linux Xubuntu",30000
2014-08-01,"Linux Arch",232000
2014-08-01,"Linux CentOS",680000
2014-08-01,"Linux Debian",2.8e+07
2014-08-01,"Linux Epiphany",858000
2014-08-01,"Linux Fedora",9.4e+07
2014-08-01,"Linux Gentoo",392000
2014-08-01,"Linux Kubuntu",671000
2014-08-01,"Linux Mandriva",2.1e+07
2014-08-01,"Linux Mint",7.3e+07
2014-08-01,"Linux Mips",2.1e+07
2014-08-01,"Linux Motor",34000
2014-08-01,"Linux openSUSE",30000
2014-08-01,"Linux Oracle",32000
2014-08-01,"Linux PCLinuxOS",52000
2014-08-01,"Linux Red Hat",1.2e+07
2014-08-01,"Linux Slackware",64000
2014-08-01,"Linux SUSE",3.6e+07
2014-08-01,"Linux Ubuntu",9.14e+08
2014-08-01,"Linux Xubuntu",30000
2014-07-01,"Linux Arch",187000
2014-07-01,"Linux CentOS",767000
2014-07-01,"Linux Debian",4e+06
2014-07-01,"Linux Epiphany",792000
2014-07-01,"Linux Fedora",7.8e+07
2014-07-01,"Linux Gentoo",485000
2014-07-01,"Linux Kubuntu",870000
2014-07-01,"Linux Mandriva",2.3e+07
2014-07-01,"Linux Mint",7.1e+07
2014-07-01,"Linux Mips",1.6e+07
2014-07-01,"Linux Motor",32000
2014-07-01,"Linux openSUSE",30000
2014-07-01,"Linux Oracle",30000
2014-07-01,"Linux PCLinuxOS",57000
2014-07-01,"Linux Red Hat",1.2e+07
2014-07-01,"Linux Slackware",90000
2014-07-01,"Linux SUSE",3.9e+07
2014-07-01,"Linux Ubuntu",9.03e+08
2014-07-01,"Linux Xubuntu",30000
2014-06-01,"Linux Arch",88000
2014-06-01,"Linux CentOS",828000
2014-06-01,"Linux Debian",3.5e+07
2014-06-01,"Linux Epiphany",698000
2014-06-01,"Linux Fedora",9.3e+07
2014-06-01,"Linux Gentoo",469000
2014-06-01,"Linux Kubuntu",1.3e+07
2014-06-01,"Linux Mandriva",2.9e+07
2014-06-01,"Linux Mint",7.6e+07
2014-06-01,"Linux Mips",1.7e+07
2014-06-01,"Linux Motor",54000
2014-06-01,"Linux openSUSE",30000
2014-06-01,"Linux Oracle",42000
2014-06-01,"Linux PCLinuxOS",74000
2014-06-01,"Linux Red Hat",1.2e+07
2014-06-01,"Linux Slackware",73000
2014-06-01,"Linux SUSE",5.8e+07
2014-06-01,"Linux Ubuntu",9.94e+08
2014-06-01,"Linux Xubuntu",30000
2014-05-01,"Linux Arch",148000
2014-05-01,"Linux CentOS",827000
2014-05-01,"Linux Debian",4.1e+07
2014-05-01,"Linux Epiphany",682000
2014-05-01,"Linux Fedora",1.03e+08
2014-05-01,"Linux Gentoo",1.5e+07
2014-05-01,"Linux Kubuntu",1.3e+07
2014-05-01,"Linux Mandriva",3.3e+07
2014-05-01,"Linux Mint",8.1e+07
2014-05-01,"Linux Mips",1.6e+07
2014-05-01,"Linux Motor",47000
2014-05-01,"Linux openSUSE",30000
2014-05-01,"Linux Oracle",51000
2014-05-01,"Linux PCLinuxOS",64000
2014-05-01,"Linux Red Hat",1.2e+07
2014-05-01,"Linux Slackware",41000
2014-05-01,"Linux SUSE",1.43e+08
2014-05-01,"Linux Ubuntu",1.082e+09
2014-05-01,"Linux Xubuntu",30000
2014-04-01,"Linux Arch",450000
2014-04-01,"Linux CentOS",954000
2014-04-01,"Linux Debian",4.9e+07
2014-04-01,"Linux Epiphany",639000
2014-04-01,"Linux Fedora",9.6e+07
2014-04-01,"Linux Gentoo",524000
2014-04-01,"Linux Kubuntu",955000
2014-04-01,"Linux Mandriva",3.6e+07
2014-04-01,"Linux Mint",9e+06
2014-04-01,"Linux Mips",1.6e+07
2014-04-01,"Linux Motor",59000
2014-04-01,"Linux openSUSE",30000
2014-04-01,"Linux Oracle",36000
2014-04-01,"Linux PCLinuxOS",59000
2014-04-01,"Linux Red Hat",1.4e+07
2014-04-01,"Linux Slackware",103000
2014-04-01,"Linux SUSE",8.2e+07
2014-04-01,"Linux Ubuntu",1.118e+09
2014-04-01,"Linux Xubuntu",30000
2014-03-01,"Linux CentOS",1.1e+07
2014-03-01,"Linux Debian",5.5e+07
2014-03-01,"Linux Epiphany",818000
2014-03-01,"Linux Fedora",9.7e+07
2014-03-01,"Linux Gentoo",454000
2014-03-01,"Linux Kubuntu",805000
2014-03-01,"Linux Mandriva",4e+06
2014-03-01,"Linux Mint",1.12e+08
2014-03-01,"Linux Mips",1.8e+07
2014-03-01,"Linux Motor",107000
2014-03-01,"Linux openSUSE",30000
2014-03-01,"Linux Oracle",282000
2014-03-01,"Linux PCLinuxOS",63000
2014-03-01,"Linux Red Hat",1.7e+07
2014-03-01,"Linux Slackware",52000
2014-03-01,"Linux SUSE",9.1e+07
2014-03-01,"Linux Ubuntu",1.244e+09
2014-03-01,"Linux Xubuntu",30000
2014-02-01,"Linux Arch",413000
2014-02-01,"Linux CentOS",1.3e+07
2014-02-01,"Linux Debian",5.2e+07
2014-02-01,"Linux Epiphany",960000
2014-02-01,"Linux Fedora",8.4e+07
2014-02-01,"Linux Gentoo",486000
2014-02-01,"Linux Kubuntu",559000
2014-02-01,"Linux Mandriva",3.6e+07
2014-02-01,"Linux Mint",1.09e+08
2014-02-01,"Linux Mips",1.7e+07
2014-02-01,"Linux Motor",68000
2014-02-01,"Linux openSUSE",30000
2014-02-01,"Linux Oracle",61000
2014-02-01,"Linux PCLinuxOS",71000
2014-02-01,"Linux Red Hat",1.8e+07
2014-02-01,"Linux Slackware",59000
2014-02-01,"Linux SUSE",9.2e+07
2014-02-01,"Linux Ubuntu",1.21e+09
2014-02-01,"Linux Xubuntu",30000
2014-01-01,"Linux Arch",520000
2014-01-01,"Linux CentOS",1.3e+07
2014-01-01,"Linux Debian",5.1e+07
2014-01-01,"Linux Epiphany",937000
2014-01-01,"Linux Fedora",8.4e+07
2014-01-01,"Linux Gentoo",410000
2014-01-01,"Linux Kubuntu",397000
2014-01-01,"Linux Mandriva",3.1e+07
2014-01-01,"Linux Mint",8.7e+07
2014-01-01,"Linux Mips",1.7e+07
2014-01-01,"Linux Motor",99000
2014-01-01,"Linux openSUSE",30000
2014-01-01,"Linux Oracle",46000
2014-01-01,"Linux PCLinuxOS",55000
2014-01-01,"Linux Red Hat",1.6e+07
2014-01-01,"Linux Slackware",58000
2014-01-01,"Linux SUSE",8.7e+07
2014-01-01,"Linux Ubuntu",1.034e+09
2014-01-01,"Linux Xubuntu",30000
2013-12-01,"Linux Arch",536000
2013-12-01,"Linux CentOS",1.3e+07
2013-12-01,"Linux Debian",6.7e+07
2013-12-01,"Linux Epiphany",792000
2013-12-01,"Linux Fedora",8.1e+07
2013-12-01,"Linux Gentoo",406000
2013-12-01,"Linux Kubuntu",623000
2013-12-01,"Linux Mandriva",3.3e+07
2013-12-01,"Linux Mint",8.8e+07
2013-12-01,"Linux Mips",2e+06
2013-12-01,"Linux Motor",74000
2013-12-01,"Linux openSUSE",30000
2013-12-01,"Linux Oracle",53000
2013-12-01,"Linux PCLinuxOS",58000
2013-12-01,"Linux Red Hat",1.5e+07
2013-12-01,"Linux Slackware",52000
2013-12-01,"Linux SUSE",8.7e+07
2013-12-01,"Linux Ubuntu",9.78e+08
2013-12-01,"Linux Xubuntu",30000
2013-11-01,"Linux Arch",114000
2013-11-01,"Linux CentOS",1.6e+07
2013-11-01,"Linux Debian",8.5e+07
2013-11-01,"Linux Epiphany",1.3e+07
2013-11-01,"Linux Fedora",1.2e+07
2013-11-01,"Linux Gentoo",532000
2013-11-01,"Linux Kubuntu",1.9e+07
2013-11-01,"Linux Mandriva",5.1e+07
2013-11-01,"Linux Mint",9.9e+07
2013-11-01,"Linux Mips",2.3e+07
2013-11-01,"Linux Motor",78000
2013-11-01,"Linux openSUSE",30000
2013-11-01,"Linux Oracle",65000
2013-11-01,"Linux PCLinuxOS",76000
2013-11-01,"Linux Red Hat",2.1e+07
2013-11-01,"Linux Slackware",47000
2013-11-01,"Linux SUSE",1.12e+08
2013-11-01,"Linux Ubuntu",1.183e+09
2013-11-01,"Linux Xubuntu",30000
2013-10-01,"Linux Arch",87000
2013-10-01,"Linux CentOS",2e+06
2013-10-01,"Linux Debian",7.8e+07
2013-10-01,"Linux Epiphany",1.6e+07
2013-10-01,"Linux Fedora",1.5e+07
2013-10-01,"Linux Gentoo",543000
2013-10-01,"Linux Kubuntu",1.8e+07
2013-10-01,"Linux Mandriva",5.2e+07
2013-10-01,"Linux Mint",9.7e+07
2013-10-01,"Linux Mips",2.3e+07
2013-10-01,"Linux Motor",86000
2013-10-01,"Linux openSUSE",30000
2013-10-01,"Linux Oracle",268000
2013-10-01,"Linux PCLinuxOS",99000
2013-10-01,"Linux Red Hat",2.4e+07
2013-10-01,"Linux Slackware",60000
2013-10-01,"Linux SUSE",1.13e+08
2013-10-01,"Linux Ubuntu",1.106e+09
2013-10-01,"Linux Xubuntu",30000
2013-09-01,"Linux Arch",114000
2013-09-01,"Linux CentOS",1.9e+07
2013-09-01,"Linux Debian",5.9e+07
2013-09-01,"Linux Epiphany",1.1e+07
2013-09-01,"Linux Fedora",1.41e+08
2013-09-01,"Linux Gentoo",562000
2013-09-01,"Linux Kubuntu",1.8e+07
2013-09-01,"Linux Mandriva",5.8e+07
2013-09-01,"Linux Mint",1.03e+08
2013-09-01,"Linux Mips",2.3e+07
2013-09-01,"Linux Motor",92000
2013-09-01,"Linux openSUSE",30000
2013-09-01,"Linux Oracle",92000
2013-09-01,"Linux PCLinuxOS",143000
2013-09-01,"Linux Red Hat",2.6e+07
2013-09-01,"Linux Slackware",53000
2013-09-01,"Linux SUSE",1.12e+08
2013-09-01,"Linux Ubuntu",1.033e+09
2013-09-01,"Linux Xubuntu",30000
2013-08-01,"Linux Arch",338000
2013-08-01,"Linux CentOS",2.5e+07
2013-08-01,"Linux Debian",5.6e+07
2013-08-01,"Linux Epiphany",1.2e+07
2013-08-01,"Linux Fedora",1.39e+08
2013-08-01,"Linux Gentoo",516000
2013-08-01,"Linux Kubuntu",1.6e+07
2013-08-01,"Linux Mandriva",5.6e+07
2013-08-01,"Linux Mint",9e+06
2013-08-01,"Linux Mips",1.9e+07
2013-08-01,"Linux Motor",101000
2013-08-01,"Linux openSUSE",30000
2013-08-01,"Linux Oracle",76000
2013-08-01,"Linux PCLinuxOS",107000
2013-08-01,"Linux Red Hat",2.2e+07
2013-08-01,"Linux Slackware",53000
2013-08-01,"Linux SUSE",1.01e+08
2013-08-01,"Linux Ubuntu",9.21e+08
2013-08-01,"Linux Xubuntu",30000
2013-07-01,"Linux Arch",439000
2013-07-01,"Linux CentOS",2.4e+07
2013-07-01,"Linux Debian",5.7e+07
2013-07-01,"Linux Epiphany",1.2e+07
2013-07-01,"Linux Fedora",1.51e+08
2013-07-01,"Linux Gentoo",545000
2013-07-01,"Linux Kubuntu",905000
2013-07-01,"Linux Mandriva",4.3e+07
2013-07-01,"Linux Mint",9.2e+07
2013-07-01,"Linux Mips",1.3e+07
2013-07-01,"Linux Motor",102000
2013-07-01,"Linux openSUSE",30000
2013-07-01,"Linux Oracle",114000
2013-07-01,"Linux PCLinuxOS",114000
2013-07-01,"Linux Red Hat",2.3e+07
2013-07-01,"Linux Slackware",53000
2013-07-01,"Linux SUSE",1.03e+08
2013-07-01,"Linux Ubuntu",8.8e+08
2013-07-01,"Linux Xubuntu",30000
2013-06-01,"Linux Arch",421000
2013-06-01,"Linux CentOS",2.6e+07
2013-06-01,"Linux Debian",7.5e+07
2013-06-01,"Linux Epiphany",1.3e+07
2013-06-01,"Linux Fedora",1.81e+08
2013-06-01,"Linux Gentoo",716000
2013-06-01,"Linux Kubuntu",2e+06
2013-06-01,"Linux Mandriva",6.7e+07
2013-06-01,"Linux Mint",1.19e+08
2013-06-01,"Linux Mips",1.6e+07
2013-06-01,"Linux Motor",98000
2013-06-01,"Linux openSUSE",30000
2013-06-01,"Linux Oracle",233000
2013-06-01,"Linux PCLinuxOS",175000
2013-06-01,"Linux Red Hat",3e+06
2013-06-01,"Linux Slackware",58000
2013-06-01,"Linux SUSE",1.33e+08
2013-06-01,"Linux Ubuntu",1.161e+09
2013-06-01,"Linux Xubuntu",30000
2013-05-01,"Linux Arch",276000
2013-05-01,"Linux CentOS",2.7e+07
2013-05-01,"Linux Debian",7.8e+07
2013-05-01,"Linux Epiphany",1.4e+07
2013-05-01,"Linux Fedora",1.83e+08
2013-05-01,"Linux Gentoo",766000
2013-05-01,"Linux Kubuntu",2e+06
2013-05-01,"Linux Mandriva",6.6e+07
2013-05-01,"Linux Mint",1.1e+07
2013-05-01,"Linux Mips",1.2e+07
2013-05-01,"Linux Motor",122000
2013-05-01,"Linux openSUSE",30000
2013-05-01,"Linux Oracle",163000
2013-05-01,"Linux PCLinuxOS",148000
2013-05-01,"Linux Red Hat",2.6e+07
2013-05-01,"Linux Slackware",80000
2013-05-01,"Linux SUSE",1.41e+08
2013-05-01,"Linux Ubuntu",1.131e+09
2013-05-01,"Linux Xubuntu",30000
2013-04-01,"Linux Arch",290000
2013-04-01,"Linux CentOS",3.2e+07
2013-04-01,"Linux Debian",9.1e+07
2013-04-01,"Linux Epiphany",1.4e+07
2013-04-01,"Linux Fedora",2.06e+08
2013-04-01,"Linux Gentoo",750000
2013-04-01,"Linux Kubuntu",2.5e+07
2013-04-01,"Linux Mandriva",6.5e+07
2013-04-01,"Linux Mint",1.09e+08
2013-04-01,"Linux Mips",1.1e+07
2013-04-01,"Linux Motor",180000
2013-04-01,"Linux openSUSE",30000
2013-04-01,"Linux Oracle",130000
2013-04-01,"Linux PCLinuxOS",190000
2013-04-01,"Linux Red Hat",3.3e+07
2013-04-01,"Linux Slackware",70000
2013-04-01,"Linux SUSE",1.69e+08
2013-04-01,"Linux Ubuntu",1.104e+09
2013-04-01,"Linux Xubuntu",30000
2013-03-01,"Linux Arch",312000
2013-03-01,"Linux CentOS",3.1e+07
2013-03-01,"Linux Debian",1e+07
2013-03-01,"Linux Epiphany",1.7e+07
2013-03-01,"Linux Fedora",1.87e+08
2013-03-01,"Linux Gentoo",907000
2013-03-01,"Linux Kubuntu",2e+06
2013-03-01,"Linux Mandriva",7.4e+07
2013-03-01,"Linux Mint",1.12e+08
2013-03-01,"Linux Mips",1.9e+07
2013-03-01,"Linux Motor",133000
2013-03-01,"Linux openSUSE",30000
2013-03-01,"Linux Oracle",150000
2013-03-01,"Linux PCLinuxOS",168000
2013-03-01,"Linux Red Hat",3.1e+07
2013-03-01,"Linux Slackware",66000
2013-03-01,"Linux SUSE",1.73e+08
2013-03-01,"Linux Ubuntu",1.128e+09
2013-03-01,"Linux Xubuntu",30000
2013-02-01,"Linux Arch",273000
2013-02-01,"Linux CentOS",4.9e+07
2013-02-01,"Linux Debian",1.01e+08
2013-02-01,"Linux Epiphany",1.8e+07
2013-02-01,"Linux Fedora",1.67e+08
2013-02-01,"Linux Gentoo",961000
2013-02-01,"Linux Kubuntu",1.5e+07
2013-02-01,"Linux Mandriva",6.8e+07
2013-02-01,"Linux Mint",1.14e+08
2013-02-01,"Linux Mips",2e+06
2013-02-01,"Linux Motor",166000
2013-02-01,"Linux openSUSE",30000
2013-02-01,"Linux Oracle",250000
2013-02-01,"Linux PCLinuxOS",181000
2013-02-01,"Linux Red Hat",3.3e+07
2013-02-01,"Linux Slackware",57000
2013-02-01,"Linux SUSE",1.82e+08
2013-02-01,"Linux Ubuntu",1.081e+09
2013-02-01,"Linux Xubuntu",30000
2013-01-01,"Linux Arch",251000
2013-01-01,"Linux CentOS",3.9e+07
2013-01-01,"Linux Debian",1.05e+08
2013-01-01,"Linux Epiphany",2e+06
2013-01-01,"Linux Fedora",1.76e+08
2013-01-01,"Linux Gentoo",1.1e+07
2013-01-01,"Linux Kubuntu",1.3e+07
2013-01-01,"Linux Mandriva",7.9e+07
2013-01-01,"Linux Mint",1.17e+08
2013-01-01,"Linux Mips",1.3e+07
2013-01-01,"Linux Motor",132000
2013-01-01,"Linux openSUSE",30000
2013-01-01,"Linux Oracle",180000
2013-01-01,"Linux PCLinuxOS",212000
2013-01-01,"Linux Red Hat",3.9e+07
2013-01-01,"Linux Slackware",57000
2013-01-01,"Linux SUSE",1.98e+08
2013-01-01,"Linux Ubuntu",1.159e+09
2013-01-01,"Linux Xubuntu",30000
2012-12-01,"Linux Arch",287000
2012-12-01,"Linux CentOS",3.8e+07
2012-12-01,"Linux Debian",1.06e+08
2012-12-01,"Linux Epiphany",2.2e+07
2012-12-01,"Linux Fedora",2.31e+08
2012-12-01,"Linux Gentoo",1.2e+07
2012-12-01,"Linux Kubuntu",2e+06
2012-12-01,"Linux Mandriva",8.4e+07
2012-12-01,"Linux Mint",1.17e+08
2012-12-01,"Linux Mips",2.1e+07
2012-12-01,"Linux Motor",197000
2012-12-01,"Linux openSUSE",30000
2012-12-01,"Linux Oracle",295000
2012-12-01,"Linux PCLinuxOS",296000
2012-12-01,"Linux Red Hat",3.4e+07
2012-12-01,"Linux Slackware",92000
2012-12-01,"Linux SUSE",2.08e+08
2012-12-01,"Linux Ubuntu",1.262e+09
2012-12-01,"Linux Xubuntu",30000
2012-11-01,"Linux Arch",252000
2012-11-01,"Linux CentOS",4.9e+07
2012-11-01,"Linux Debian",1.52e+08
2012-11-01,"Linux Epiphany",2.4e+07
2012-11-01,"Linux Fedora",3.04e+08
2012-11-01,"Linux Gentoo",1.3e+07
2012-11-01,"Linux Kubuntu",3.5e+07
2012-11-01,"Linux Mandriva",1.27e+08
2012-11-01,"Linux Mint",1.16e+08
2012-11-01,"Linux Mips",1.6e+07
2012-11-01,"Linux Motor",188000
2012-11-01,"Linux openSUSE",30000
2012-11-01,"Linux Oracle",714000
2012-11-01,"Linux PCLinuxOS",282000
2012-11-01,"Linux Red Hat",4.4e+07
2012-11-01,"Linux Slackware",79000
2012-11-01,"Linux SUSE",2.4e+07
2012-11-01,"Linux Ubuntu",1.314e+09
2012-11-01,"Linux Xubuntu",30000
2012-10-01,"Linux Arch",236000
2012-10-01,"Linux CentOS",5.3e+07
2012-10-01,"Linux Debian",1.36e+08
2012-10-01,"Linux Epiphany",2.7e+07
2012-10-01,"Linux Fedora",2.63e+08
2012-10-01,"Linux Gentoo",1.3e+07
2012-10-01,"Linux Kubuntu",4.1e+07
2012-10-01,"Linux Mandriva",1.11e+08
2012-10-01,"Linux Mint",1.1e+07
2012-10-01,"Linux Mips",1.2e+07
2012-10-01,"Linux Motor",209000
2012-10-01,"Linux openSUSE",30000
2012-10-01,"Linux Oracle",311000
2012-10-01,"Linux PCLinuxOS",278000
2012-10-01,"Linux Red Hat",4.3e+07
2012-10-01,"Linux Slackware",91000
2012-10-01,"Linux SUSE",2.27e+08
2012-10-01,"Linux Ubuntu",1.189e+09
2012-10-01,"Linux Xubuntu",30000
2012-09-01,"Linux Arch",239000
2012-09-01,"Linux CentOS",4.9e+07
2012-09-01,"Linux Debian",1.26e+08
2012-09-01,"Linux Epiphany",2.9e+07
2012-09-01,"Linux Fedora",3.67e+08
2012-09-01,"Linux Gentoo",1.6e+07
2012-09-01,"Linux Kubuntu",4.5e+07
2012-09-01,"Linux Mandriva",1.06e+08
2012-09-01,"Linux Mint",1.12e+08
2012-09-01,"Linux Mips",1.3e+07
2012-09-01,"Linux Motor",213000
2012-09-01,"Linux openSUSE",30000
2012-09-01,"Linux Oracle",254000
2012-09-01,"Linux PCLinuxOS",305000
2012-09-01,"Linux Red Hat",4.3e+07
2012-09-01,"Linux Slackware",183000
2012-09-01,"Linux SUSE",2.22e+08
2012-09-01,"Linux Ubuntu",1.1e+09
2012-09-01,"Linux Xubuntu",30000
2012-08-01,"Linux Arch",236000
2012-08-01,"Linux CentOS",5.2e+07
2012-08-01,"Linux Debian",1.61e+08
2012-08-01,"Linux Epiphany",3.4e+07
2012-08-01,"Linux Fedora",3e+07
2012-08-01,"Linux Gentoo",1.8e+07
2012-08-01,"Linux Kubuntu",5.1e+07
2012-08-01,"Linux Mandriva",9.5e+07
2012-08-01,"Linux Mint",1.13e+08
2012-08-01,"Linux Mips",1.3e+07
2012-08-01,"Linux Motor",226000
2012-08-01,"Linux openSUSE",30000
2012-08-01,"Linux Oracle",297000
2012-08-01,"Linux PCLinuxOS",320000
2012-08-01,"Linux Red Hat",4.2e+07
2012-08-01,"Linux Slackware",77000
2012-08-01,"Linux SUSE",2.18e+08
2012-08-01,"Linux Ubuntu",9.59e+08
2012-08-01,"Linux Xubuntu",30000
2012-07-01,"Linux Arch",321000
2012-07-01,"Linux CentOS",6.3e+07
2012-07-01,"Linux Debian",1.14e+08
2012-07-01,"Linux Epiphany",3.2e+07
2012-07-01,"Linux Fedora",2.57e+08
2012-07-01,"Linux Gentoo",1.9e+07
2012-07-01,"Linux Kubuntu",3.5e+07
2012-07-01,"Linux Mandriva",8.2e+07
2012-07-01,"Linux Mint",1.1e+07
2012-07-01,"Linux Mips",1.2e+07
2012-07-01,"Linux Motor",257000
2012-07-01,"Linux openSUSE",30000
2012-07-01,"Linux Oracle",288000
2012-07-01,"Linux PCLinuxOS",278000
2012-07-01,"Linux Red Hat",4.2e+07
2012-07-01,"Linux Slackware",54000
2012-07-01,"Linux SUSE",2.11e+08
2012-07-01,"Linux Ubuntu",8.75e+08
2012-07-01,"Linux Xubuntu",30000
2012-06-01,"Linux Arch",294000
2012-06-01,"Linux CentOS",7e+06
2012-06-01,"Linux Debian",1.56e+08
2012-06-01,"Linux Epiphany",3.9e+07
2012-06-01,"Linux Fedora",2.86e+08
2012-06-01,"Linux Gentoo",2.3e+07
2012-06-01,"Linux Kubuntu",5.3e+07
2012-06-01,"Linux Mandriva",1.03e+08
2012-06-01,"Linux Mint",1.25e+08
2012-06-01,"Linux Mips",1.3e+07
2012-06-01,"Linux Motor",263000
2012-06-01,"Linux openSUSE",30000
2012-06-01,"Linux Oracle",216000
2012-06-01,"Linux PCLinuxOS",354000
2012-06-01,"Linux Red Hat",4.8e+07
2012-06-01,"Linux Slackware",57000
2012-06-01,"Linux SUSE",2.55e+08
2012-06-01,"Linux Ubuntu",9.9e+08
2012-06-01,"Linux Xubuntu",30000
2012-05-01,"Linux Arch",383000
2012-05-01,"Linux CentOS",7.6e+07
2012-05-01,"Linux Debian",1.8e+07
2012-05-01,"Linux Epiphany",4.1e+07
2012-05-01,"Linux Fedora",3.03e+08
2012-05-01,"Linux Gentoo",2.6e+07
2012-05-01,"Linux Kubuntu",6.5e+07
2012-05-01,"Linux Mandriva",1.15e+08
2012-05-01,"Linux Mint",1.26e+08
2012-05-01,"Linux Mips",1.3e+07
2012-05-01,"Linux Motor",377000
2012-05-01,"Linux openSUSE",30000
2012-05-01,"Linux Oracle",207000
2012-05-01,"Linux PCLinuxOS",404000
2012-05-01,"Linux Red Hat",5.9e+07
2012-05-01,"Linux Slackware",68000
2012-05-01,"Linux SUSE",2.85e+08
2012-05-01,"Linux Ubuntu",1.088e+09
2012-05-01,"Linux Xubuntu",30000
2012-04-01,"Linux Arch",454000
2012-04-01,"Linux CentOS",7.8e+07
2012-04-01,"Linux Debian",1.65e+08
2012-04-01,"Linux Epiphany",4.3e+07
2012-04-01,"Linux Fedora",3.57e+08
2012-04-01,"Linux Gentoo",2.7e+07
2012-04-01,"Linux Kubuntu",7.5e+07
2012-04-01,"Linux Mandriva",1.23e+08
2012-04-01,"Linux Mint",1.3e+07
2012-04-01,"Linux Mips",1.4e+07
2012-04-01,"Linux Motor",355000
2012-04-01,"Linux openSUSE",30000
2012-04-01,"Linux Oracle",204000
2012-04-01,"Linux PCLinuxOS",448000
2012-04-01,"Linux Red Hat",7.2e+07
2012-04-01,"Linux Slackware",129000
2012-04-01,"Linux SUSE",2.79e+08
2012-04-01,"Linux Ubuntu",1.066e+09
2012-04-01,"Linux Xubuntu",30000
2012-03-01,"Linux Arch",370000
2012-03-01,"Linux CentOS",9.9e+07
2012-03-01,"Linux Debian",1.78e+08
2012-03-01,"Linux Epiphany",4.7e+07
2012-03-01,"Linux Fedora",4.91e+08
2012-03-01,"Linux Gentoo",3.2e+07
2012-03-01,"Linux Kubuntu",8.9e+07
2012-03-01,"Linux Mandriva",1.33e+08
2012-03-01,"Linux Mint",1.47e+08
2012-03-01,"Linux Mips",1.4e+07
2012-03-01,"Linux Motor",412000
2012-03-01,"Linux openSUSE",30000
2012-03-01,"Linux Oracle",234000
2012-03-01,"Linux PCLinuxOS",472000
2012-03-01,"Linux Red Hat",1.23e+08
2012-03-01,"Linux Slackware",59000
2012-03-01,"Linux SUSE",3.08e+08
2012-03-01,"Linux Ubuntu",1.004e+09
2012-03-01,"Linux Xubuntu",30000
2012-02-01,"Linux Arch",407000
2012-02-01,"Linux CentOS",1.48e+08
2012-02-01,"Linux Debian",1.9e+07
2012-02-01,"Linux Epiphany",4.9e+07
2012-02-01,"Linux Fedora",4.82e+08
2012-02-01,"Linux Gentoo",3.4e+07
2012-02-01,"Linux Kubuntu",6.7e+07
2012-02-01,"Linux Mandriva",1.43e+08
2012-02-01,"Linux Mint",1.46e+08
2012-02-01,"Linux Mips",1.3e+07
2012-02-01,"Linux Motor",410000
2012-02-01,"Linux openSUSE",30000
2012-02-01,"Linux Oracle",241000
2012-02-01,"Linux PCLinuxOS",470000
2012-02-01,"Linux Red Hat",1.64e+08
2012-02-01,"Linux Slackware",50000
2012-02-01,"Linux SUSE",3.25e+08
2012-02-01,"Linux Ubuntu",9.7e+08
2012-02-01,"Linux Xubuntu",30000
2012-01-01,"Linux Arch",451000
2012-01-01,"Linux CentOS",1.25e+08
2012-01-01,"Linux Debian",1.85e+08
2012-01-01,"Linux Epiphany",4.7e+07
2012-01-01,"Linux Fedora",5.14e+08
2012-01-01,"Linux Gentoo",3.7e+07
2012-01-01,"Linux Kubuntu",6.6e+07
2012-01-01,"Linux Mandriva",1.55e+08
2012-01-01,"Linux Mint",1.89e+08
2012-01-01,"Linux Mips",1.9e+07
2012-01-01,"Linux Motor",373000
2012-01-01,"Linux openSUSE",30000
2012-01-01,"Linux Oracle",231000
2012-01-01,"Linux PCLinuxOS",537000
2012-01-01,"Linux Red Hat",1.45e+08
2012-01-01,"Linux Slackware",48000
2012-01-01,"Linux SUSE",3.86e+08
2012-01-01,"Linux Ubuntu",9.47e+08
2012-01-01,"Linux Xubuntu",30000
2011-12-01,"Linux Arch",329000
2011-12-01,"Linux CentOS",1.45e+08
2011-12-01,"Linux Debian",1.86e+08
2011-12-01,"Linux Epiphany",4.6e+07
2011-12-01,"Linux Fedora",4.36e+08
2011-12-01,"Linux Gentoo",4.3e+07
2011-12-01,"Linux Kubuntu",8.2e+07
2011-12-01,"Linux Mandriva",1.6e+07
2011-12-01,"Linux Mint",1.92e+08
2011-12-01,"Linux Mips",1.5e+07
2011-12-01,"Linux Motor",422000
2011-12-01,"Linux openSUSE",30000
2011-12-01,"Linux Oracle",236000
2011-12-01,"Linux PCLinuxOS",688000
2011-12-01,"Linux Red Hat",1.29e+08
2011-12-01,"Linux Slackware",43000
2011-12-01,"Linux SUSE",3.97e+08
2011-12-01,"Linux Ubuntu",8.83e+08
2011-12-01,"Linux Xubuntu",30000
2011-11-01,"Linux Arch",333000
2011-11-01,"Linux CentOS",1.43e+08
2011-11-01,"Linux Debian",2.69e+08
2011-11-01,"Linux Epiphany",5.8e+07
2011-11-01,"Linux Fedora",5.34e+08
2011-11-01,"Linux Gentoo",5.6e+07
2011-11-01,"Linux Kubuntu",1.17e+08
2011-11-01,"Linux Mandriva",2.08e+08
2011-11-01,"Linux Mint",2.12e+08
2011-11-01,"Linux Mips",989000
2011-11-01,"Linux Motor",534000
2011-11-01,"Linux openSUSE",30000
2011-11-01,"Linux Oracle",230000
2011-11-01,"Linux PCLinuxOS",708000
2011-11-01,"Linux Red Hat",1.8e+07
2011-11-01,"Linux Slackware",52000
2011-11-01,"Linux SUSE",5e+07
2011-11-01,"Linux Ubuntu",6.9e+08
2011-11-01,"Linux Xubuntu",30000
2011-10-01,"Linux Arch",210000
2011-10-01,"Linux CentOS",1.23e+08
2011-10-01,"Linux Debian",2.57e+08
2011-10-01,"Linux Epiphany",5.5e+07
2011-10-01,"Linux Fedora",4.27e+08
2011-10-01,"Linux Gentoo",7.2e+07
2011-10-01,"Linux Kubuntu",1.25e+08
2011-10-01,"Linux Mandriva",1.75e+08
2011-10-01,"Linux Mint",1.73e+08
2011-10-01,"Linux Mips",720000
2011-10-01,"Linux Motor",540000
2011-10-01,"Linux openSUSE",30000
2011-10-01,"Linux Oracle",240000
2011-10-01,"Linux PCLinuxOS",660000
2011-10-01,"Linux Red Hat",1.61e+08
2011-10-01,"Linux Slackware",60000
2011-10-01,"Linux SUSE",4.28e+08
2011-10-01,"Linux Ubuntu",5.22e+08
2011-10-01,"Linux Xubuntu",30000
